text,sentiment
"I love this new phone! It's amazing!",positive
"This is the worst experience ever.",negative
"The weather is okay today.",neutral
"I'm so happy with my purchase!",positive
"Terrible service, very disappointed.",negative
"It's fine, nothing special.",neutral
"What a fantastic day!",positive
"I hate when this happens.",negative
"The food was alright.",neutral
"Absolutely love it! Best purchase ever!",positive
"Worst product I've ever bought.",negative
"It's okay I guess.",neutral
"This makes me so happy!",positive
"Really bad quality.",negative
"It's acceptable.",neutral
"Amazing quality and service!",positive
"Poor customer support.",negative
"Not bad, not great either.",neutral
"I'm thrilled with the results!",positive
"Very dissatisfied with this.",negative